Yudiz,https://www.yudiz.com,https://www.yudiz.com/career
Bacancy,https://www.bacancytechnology.com,https://www.bacancytechnology.com/careers
Simform,https://www.simform.com,https://www.simform.com/careers
Capermint,https://www.capermint.com,
Trootech,https://www.trootech.com,https://www.trootech.com/careers
7Span,https://7span.com,https://7span.com/careers
Tridhya,https://www.tridhyatech.com,https://www.tridhyatech.com/careers
IT Path Solution,https://itpathsolutions.com,https://itpathsolutions.com/careers
Moon Technolabs,https://www.moontechnolabs.com,https://www.moontechnolabs.com/careers
Huptech,https://www.huptechweb.com,
Crest Data System,https://www.crestdatasys.com,https://www.crestdatasys.com/careers
Yudiz,https://www.yudiz.com,https://www.yudiz.com/career
Bacancy,https://www.bacancytechnology.com,https://www.bacancytechnology.com/careers
Simform,https://www.simform.com,https://www.simform.com/careers
Capermint,https://www.capermint.com,
Trootech,https://www.trootech.com,https://www.trootech.com/careers
7Span,https://7span.com,https://7span.com/careers
Tridhya,https://www.tridhyatech.com,https://www.tridhyatech.com/careers
IT Path Solution,https://itpathsolutions.com,https://itpathsolutions.com/careers
Moon Technolabs,https://www.moontechnolabs.com,https://www.moontechnolabs.com/careers
Huptech,https://www.huptechweb.com,
Crest Data System,https://www.crestdatasys.com,https://www.crestdatasys.com/careers
Yudiz,https://www.yudiz.com,https://www.yudiz.com/career
Bacancy,https://www.bacancytechnology.com,https://www.bacancytechnology.com/careers
Simform,https://www.simform.com,https://www.simform.com/careers
Capermint,https://www.capermint.com,
Trootech,https://www.trootech.com,https://www.trootech.com/careers
7Span,https://7span.com,https://7span.com/careers
Tridhya,https://www.tridhyatech.com,https://www.tridhyatech.com/careers
IT Path Solution,https://itpathsolutions.com,https://itpathsolutions.com/careers
Moon Technolabs,https://www.moontechnolabs.com,https://www.moontechnolabs.com/careers
Huptech,https://www.huptechweb.com,
Crest Data System,https://www.crestdatasys.com,https://www.crestdatasys.com/careers
Yudiz,https://www.yudiz.com,https://www.yudiz.com/career
Bacancy,https://www.bacancytechnology.com,https://www.bacancytechnology.com/careers
Simform,https://www.simform.com,https://www.simform.com/careers
Capermint,https://www.capermint.com,
Trootech,https://www.trootech.com,https://www.trootech.com/careers
7Span,https://7span.com,https://7span.com/careers
Tridhya,https://www.tridhyatech.com,https://www.tridhyatech.com/careers
IT Path Solution,https://itpathsolutions.com,https://itpathsolutions.com/careers
Moon Technolabs,https://www.moontechnolabs.com,https://www.moontechnolabs.com/careers
Huptech,https://www.huptechweb.com,
Crest Data System,https://www.crestdatasys.com,https://www.crestdatasys.com/careers
Yudiz,https://www.yudiz.com,https://www.yudiz.com/career
Bacancy,https://www.bacancytechnology.com,
Simform,https://www.simform.com,https://www.simform.com/careers
Capermint,https://www.capermint.com,
Trootech,https://www.trootech.com,
7Span,https://7span.com,https://7span.com/careers
Tridhya,https://www.tridhyatech.com,https://www.tridhyatech.com/careers
IT Path Solution,https://itpathsolutions.com,https://itpathsolutions.com/career/#workwithus
Moon Technolabs,https://www.moontechnolabs.com,https://www.moontechnolabs.com/careers
Huptech,https://www.huptechweb.com,
Crest Data System,https://www.crestdatasys.com,https://www.crestdatasys.com/careers
Yudiz,https://www.yudiz.com,https://www.yudiz.com/career
Bacancy,https://www.bacancytechnology.com,
Simform,https://www.simform.com,https://www.simform.com/careers
Capermint,https://www.capermint.com,
Trootech,https://www.trootech.com,
7Span,https://7span.com,https://7span.com/careers
Tridhya,https://www.tridhyatech.com,https://www.tridhyatech.com/careers
IT Path Solution,https://itpathsolutions.com,https://itpathsolutions.com/career/#workwithus
Moon Technolabs,https://www.moontechnolabs.com,https://www.moontechnolabs.com/careers
Huptech,https://www.huptechweb.com,
Crest Data System,https://www.crestdatasys.com,https://www.crestdatasys.com/careers
